"feature_group","segment_id","segment_name","device_cnt","pct_of_total_devices"
"거주","27529","아파트","9068128","17.0"
"거주","27533","자동차 관련 장소","7009781","13.14"
"거주","27362","테마레저","6865009","12.87"
"거주","27513","분식","6421409","12.04"
"거주","10423","펜션/리조트","5464269","10.24"
"거주","27511","한식","5202997","9.75"
"거주","27374","병원/의원","4714509","8.84"
"거주","10433","마트","3908920","7.33"
"거주","27510","전문음식점","3760997","7.05"
"거주","27438","지하철/기차 관련 장소","3581512","6.71"
"거주","10413","경기도","3208717","6.02"
"거주","27357","숙박","3153838","5.91"
"거주","27390","행정기관","3002351","5.63"
"거주","27541","문화/예술","2967025","5.56"
"거주","27476","시장","2497869","4.68"
"거주","10422","카페","2273175","4.26"
"거주","27409","평생교육기관","2195309","4.12"
"거주","27526","빌딩","2129433","3.99"
"거주","27528","빌라/주택","2101627","3.94"
"거주","27519","중식","2022638","3.79"
"거주","27389","공공기관","1992402","3.74"
"거주","27543","베이커리","1965906","3.69"
"거주","10420","호텔","1898675","3.56"
"거주","27516","패스트푸드","1897698","3.56"
"거주","27568","건설/건축 관련 기업","1890483","3.54"
"거주","10406","서울시","1875107","3.52"
"거주","10427","국립공원/도립공원","1859554","3.49"
"거주","27530","오피스텔/주상복합","1814711","3.4"
"거주","10419","골프장","1776390","3.33"
"거주","27495","헬스/요가/필라테스","1724117","3.23"
"거주","27508","술/주점","1691864","3.17"
"거주","10424","백화점","1680639","3.15"
"거주","27534","웨딩","1603425","3.01"
"거주","27655","교회","1545024","2.9"
"거주","11704","서울 강남구","1493481","2.8"
"거주","27384","은행","1482997","2.78"
"거주","27656","절","1477813","2.77"
"거주","27515","일식","1434933","2.69"
"거주","27439","버스 관련 장소","1379948","2.59"
"거주","10431","미술관/공연장","1365644","2.56"
"거주","27411","학교","1360685","2.55"
"거주","27477","편의점","1304540","2.45"
"거주","27392","사회기관","1286618","2.41"
"거주","27514","치킨","1249587","2.34"
"거주","11705","서울 서초구","1219889","2.29"
"거주","22398","공항","1194464","2.24"
"거주","10425","아울렛","1189237","2.23"
"거주","11706","서울 송파구","1189038","2.23"
"거주","27441","배/선박 관련 장소","1144291","2.15"
"거주","10415","경상도","1141263","2.14"
"거주","27472","식료품매장","1135748","2.13"
"거주","27551","종합의류매장","1135121","2.13"
"거주","27583","제조 관련 기업","1109125","2.08"
"거주","27448","리빙용품매장","1057212","1.98"
"거주","11716","고가아파트","1041562","1.95"
"거주","10417","충청도","1037954","1.95"
"거주","39705","서울 강서구","1014259","1.9"
"거주","11709","서울 영등포구","1012427","1.9"
"거주","27466","뷰티용품매장","1010915","1.9"
"거주","27405","유아교육기관","1001528","1.88"
"거주","11711","경기 성남시 분당구","993854","1.86"
"거주","27507","양식","985106","1.85"
"거주","27518","세계요리","962384","1.8"
"거주","27375","약국","950615","1.78"
"거주","27560","목욕/찜질","928038","1.74"
"거주","10432","영화관","926138","1.74"
"거주","10426","관광농원/휴양림","921253","1.73"
"거주","27575","식음료 관련 기업","897362","1.68"
"거주","27397","건축자재매장","887053","1.66"
"거주","27368","가전/디지털매장","886408","1.66"
"거주","27373","건강관리시설","878965","1.65"
"거주","39707","서울 중구","860034","1.61"
"거주","27562","분양/매물","849834","1.59"
"거주","53075","경기도","849495","1.59"
"거주","27509","뷔페","846286","1.59"
"거주","27447","가구매장","831777","1.56"
"거주","27521","패밀리레스토랑","807590","1.51"
"거주","39709","서울 종로구","807362","1.51"
"거주","10409","인천광역시","803603","1.51"
"거주","27554","스포츠의류매장","776478","1.46"
"거주","39706","서울 마포구","767665","1.44"
"거주","20748","산부인과/산후조리원","763656","1.43"
"거주","10429","놀이공원/워터파크","757320","1.42"
"거주","27563","사진/촬영","748550","1.4"
"거주","11708","서울 용산구","727164","1.36"
"거주","27416","학원","718418","1.35"
"거주","27585","철강/금속/광물 관련 기업","713473","1.34"
"거주","27380","협동조합","704911","1.32"
"거주","27570","기계 관련 기업","702419","1.32"
"거주","11712","인천 연수구","696070","1.3"
"거주","27366","정보통신기기매장","692453","1.3"
"거주","27579","유통/택배 관련 기업","688331","1.29"
"거주","27564","세탁/수선","678805","1.27"
"거주","39708","서울 구로구","675662","1.27"
"거주","27382","보험사","672769","1.26"
"거주","27582","전기전자 관련 기업","665143","1.25"
"거주","27581","전력/가스 관련 기업","664096","1.24"
"거주","27455","문구/화방용품매장","651837","1.22"
"거주","27503","반려동물 동물병원","647408","1.21"
"거주","27546","테마카페","645860","1.21"
"거주","27489","등산/캠핑","645054","1.21"
"거주","10428","캠핑장","642975","1.21"
"거주","27467","쁘띠성형/시술의원","642260","1.2"
"거주","27487","낚시","626347","1.17"
"거주","11707","서울 강동구","625731","1.17"
"거주","27566","의뢰/자문","614527","1.15"
"거주","27406","군교육기관","603808","1.13"
"거주","53076","서울특별시","603542","1.13"
"거주","27549","안경/렌즈매장","602677","1.13"
"거주","27475","복합쇼핑몰","596097","1.12"
"거주","27565","수리/제작","595012","1.12"
"거주","27660","성당","594985","1.12"
"거주","27552","쥬얼리/시계매장","593958","1.11"
"거주","39714","서울 성동구","592306","1.11"
"거주","27505","반려동물 입양/분양매장","592221","1.11"
"거주","39715","서울 광진구","591014","1.11"
"거주","39710","서울 노원구","590613","1.11"
"거주","27387","외국기관","589079","1.1"
"거주","27587","화학 관련 기업","584692","1.1"
"거주","11715","대전 유성구","582561","1.09"
"거주","27573","서비스 관련 기업","580186","1.09"
"거주","27371","건강식품매장","565905","1.06"
"거주","27399","기계/공구매장","563481","1.06"
"거주","39716","서울 동작구","562723","1.05"
"거주","10407","부산광역시","560312","1.05"
"거주","27569","IT/인터넷 관련 기업","556166","1.04"
"거주","27443","일반서점","548564","1.03"
"거주","27365","컴퓨터매장","548177","1.03"
"거주","27361","여행사","546870","1.03"
"거주","27577","연구/조사 관련 기업","546178","1.02"
"거주","11713","부산 해운대구","543996","1.02"
"거주","27504","반려동물 미용/용품매장","541742","1.02"
"거주","27550","언더웨어매장","534728","1.0"
"거주","27548","신발/잡화매장","531312","1.0"
"거주","27388","언론기관","531249","1.0"
"거주","27451","침구매장","530699","0.99"
"거주","27408","취업/창업지원기관","529938","0.99"
"거주","39717","서울 동대문구","529422","0.99"
"거주","27493","야구","525215","0.98"
"거주","27446","주방용품매장","524217","0.98"
"거주","27403","독서실/공부방","512180","0.96"
"거주","27450","조명/전구매장","508149","0.95"
"거주","27456","인쇄/제본매장","507039","0.95"
"거주","27383","카드사","505093","0.95"
"거주","27580","의약/제약 관련 기업","503429","0.94"
"거주","27539","유아동장난감매장","501940","0.94"
"거주","11710","서울 양천구","496638","0.93"
"거주","27532","오토바이/스쿠터 관련 장소","484894","0.91"
"거주","27377","전문클리닉","476451","0.89"
"거주","27391","각종단체","473704","0.89"
"거주","27497","테니스","472143","0.89"
"거주","39879","서울 서대문구","471782","0.88"
"거주","27369","전자제품양판점","468541","0.88"
"거주","27372","의료기기매장","468368","0.88"
"거주","27561","복권/로또판매","468108","0.88"
"거주","10430","면세점","466376","0.87"
"거주","27584","종이/목재 관련 기업","457326","0.86"
"거주","27540","게임/오락","455267","0.85"
"거주","39877","서울 성북구","452999","0.85"
"거주","10408","대구광역시","452373","0.85"
"거주","27574","섬유/패션 관련 기업","449047","0.84"
"거주","27491","볼링","437869","0.82"
"거주","27452","냉난방기구매장","436436","0.82"
"거주","11714","대구 수성구","430945","0.81"
"거주","39876","서울 은평구","429402","0.81"
"거주","39882","서울 관악구","424019","0.79"
"거주","27522","도시락/배달전문점","422691","0.79"
"거주","27398","농업용품매장","422445","0.79"
"거주","39875","서울 중랑구","414522","0.78"
"거주","27381","대부/대출업체","407915","0.76"
"거주","39881","서울 금천구","404259","0.76"
"거주","10416","전라도","401345","0.75"
"거주","27454","사무기기매장","388794","0.73"
"거주","27385","증권/투자사","368875","0.69"
"거주","27364","카메라/광학매장","359174","0.67"
"거주","27490","배드민턴","356948","0.67"
"거주","27465","미용실","347515","0.65"
"거주","27576","엔터테인먼트 관련 기업","332745","0.62"
"거주","27553","교복/학생복매장","325993","0.61"
"거주","39880","서울 도봉구","321694","0.6"
"거주","53082","경상도","320467","0.6"
"거주","27586","통신 관련 기업","319454","0.6"
"거주","27407","직업/직무훈련기관","311715","0.58"
"거주","39885","서울 강북구","298990","0.56"
"거주","27538","유아동용품매장","298533","0.56"
"거주","27376","응급실/센터","295920","0.55"
"거주","10411","광주광역시","294076","0.55"
"거주","27537","산후조리원","288640","0.54"
"거주","10410","대전광역시","285135","0.53"
"거주","27494","수영","280111","0.53"
"거주","27571","반도체 관련 기업","280011","0.52"
"거주","27527","기숙사","276998","0.52"
"거주","27402","기업연수원","264086","0.5"
"거주","27572","방송/언론 관련 기업","243244","0.46"
"거주","27531","원룸/리빙텔","230199","0.43"
"거주","53086","충청도","213417","0.4"
"거주","27393","사법기관","212853","0.4"
"거주","53079","인천광역시","209266","0.39"
"거주","27558","렌탈/대여","209212","0.39"
"거주","10414","강원도","204291","0.38"
"거주","10412","울산광역시","187780","0.35"
"거주","53081","부산광역시","182659","0.34"
"거주","53089","전라남도","174188","0.33"
"거주","10418","제주도","165132","0.31"
"거주","27394","헌법기관","154875","0.29"
"거주","53083","대구광역시","128513","0.24"
"거주","53085","대전광역시","91112","0.17"
"거주","53088","강원도","84090","0.16"
"거주","27473","중고품매장","78058","0.15"
"거주","53090","광주광역시","77478","0.15"
"거주","53091","울산광역시","72712","0.14"
"거주","27461","마사지/지압소","61176","0.11"
"거주","27496","자전거","61061","0.11"
"거주","27459","네일아트/손관리실","59982","0.11"
"거주","27458","남성전용미용실","47986","0.09"
"거주","53096","서울특별시 강서구","47862","0.09"
"거주","27488","동계스포츠","41590","0.08"
"거주","53094","서울특별시 송파구","40318","0.08"
"거주","53095","서울특별시 강남구","38968","0.07"
"거주","53092","제주특별자치도","36332","0.07"
"거주","53103","서울특별시 구로구","34653","0.06"
"거주","53105","서울특별시 서초구","31954","0.06"
"거주","53101","서울특별시 영등포구","30003","0.06"
"거주","27470","피부/체형관리실","29976","0.06"
"거주","53098","서울특별시 은평구","28398","0.05"
"거주","53097","서울특별시 노원구","27337","0.05"
"거주","27463","메이크업전문샵","26990","0.05"
"거주","53099","서울특별시 강동구","26354","0.05"
"거주","53100","서울특별시 양천구","25988","0.05"
"거주","53102","서울특별시 관악구","23817","0.04"
"거주","53107","서울특별시 마포구","22067","0.04"
"거주","53104","서울특별시 성북구","22030","0.04"
"거주","53106","서울특별시 중랑구","21651","0.04"
"거주","53108","서울특별시 동작구","20613","0.04"
"거주","10421","스키장","19778","0.04"
"거주","53109","서울특별시 동대문구","18607","0.03"
"거주","53093","세종특별자치시","18454","0.03"
"거주","53111","서울특별시 도봉구","17718","0.03"
"거주","27444","중고서점","16711","0.03"
"거주","53110","서울특별시 서대문구","16361","0.03"
"거주","27378","헌혈센터","11787","0.02"
"기타","26634","엔터테인먼트 관심자","12248307","22.96"
"기타","49370","MZ세대","12158647","22.79"
"기타","49387","갤럭시 이용자","10778520","20.21"
"기타","50222","다이어트 운동 관심자","10614587","19.9"
"기타","49411","재테크 투자 부동산 관심자","8146494","15.27"
"기타","26755","다이어트 관심자","7832109","14.68"
"기타","26935","커피/카페 관심자","7608248","14.26"
"기타","26740","게임 관심자","6893038","12.92"
"기타","49739","영화 매니아 및 관심자","6352986","11.91"
"기타","49389","OTT 관심자","6246406","11.71"
"기타","49392","야구 관심자","5372672","10.07"
"기타","49597","수도권 거주자(서울경기도인천)","5367934","10.06"
"기타","26929","여행 관심자","5302656","9.94"
"기타","27341","대학생","5227279","9.8"
"기타","26957","가전 제품 관심자","4959652","9.3"
"기타","49458","구인 구직자 및 취업준비자","4851789","9.1"
"기타","50216","여성의류 관심자","4623983","8.67"
"기타","27011","캠핑 관심자","4448654","8.34"
"기타","50215","아웃도어(용품/브랜드)관심자","4424930","8.3"
"기타","49598","비 수도권(지방)거주자","4350480","8.16"
"기타","50225","기초 스킨케어 관심자","4224593","7.92"
"기타","50224","영양제 관심자","4204665","7.88"
"기타","49737","모바일 게임 관심자","4198030","7.87"
"기타","26664","기혼자","4111953","7.71"
"기타","50191","골프(용품포함) 관심자","3982239","7.47"
"기타","49606","대형마트 이용자_관심자","3772929","7.07"
"기타","50227","색조 화장품 관심자","3609007","6.77"
"기타","27016","축구 관심자","3317247","6.22"
"기타","49453","신생아 및 영유아 가정","3271805","6.13"
"기타","50220","고가 의류 관심자","3247763","6.09"
"기타","50190","카페 관심 및 방문","3229196","6.05"
"기타","26662","(결혼) 결혼예정자 또는 신혼부부_1","3035547","5.69"
"기타","26610","(해외)직구족","3033799","5.69"
"기타","27013","등산 관심자","2405786","4.51"
"기타","49605","편의점 이용자_관심자","2366021","4.44"
"기타","49403","패스트푸드 관심자","2235437","4.19"
"기타","26667","고소득자_Total","2219485","4.16"
"기타","49455","성인","2206340","4.14"
"기타","26645","육아/출산 관련 관심자","2133481","4.0"
"기타","26631","초등학생(아동포함)","2069584","3.88"
"기타","26625","등산 캠핑 낚시 관심자","1761858","3.3"
"기타","26591","직장인","1528102","2.86"
"기타","26629","초등학생 (저학년)","1480335","2.78"
"기타","49388","홈 인테리어 관심자","1451789","2.72"
"기타","27348","아동패션/잡화 관심자","1393408","2.61"
"기타","26633","중고등학생","1342195","2.52"
"기타","49457","반려동물 보유자 및 관심자","1288069","2.41"
"기타","26978","국산차 관심자","1273288","2.39"
"기타","49740","성인 영어교육 관심자","1253558","2.35"
"기타","27049","유제품 관심자","1203934","2.26"
"기타","49603","이혼 준비_관심자","1184593","2.22"
"기타","49408","렌터카 이용 관심자","1150418","2.16"
"기타","49450","대출 관심자","1135355","2.13"
"기타","26926","간편식사 제품 관심자","1123277","2.11"
"기타","27151","주요 백화점 방문자","1116253","2.09"
"기타","49452","주부","1110146","2.08"
"기타","26612","고가 소비 관심자_명품 의류/잡화","1097402","2.06"
"기타","26924","즉석/가공 식품 관심자","1097388","2.06"
"기타","50230","신차 잠재 구매고객","1074103","2.01"
"기타","49405","여행 관심자_국내","998143","1.87"
"기타","49407","여행 관심자_해외","989731","1.86"
"기타","49741","초중등 교육 관심자","988173","1.85"
"기타","26941","모바일 제품 관심자","925930","1.74"
"기타","49410","자동차 보유자(국산+수입차 포함)","921482","1.73"
"기타","49594","직업별_소상공인 자영업자","873786","1.64"
"기타","50188","커피 음료 관심자","865314","1.62"
"기타","26952","생활가전 제품 관심자","830450","1.56"
"기타","26986","건강식품 관심자","789739","1.48"
"기타","26932","간식류(과자/스낵 등) 제품 관심자","769423","1.44"
"기타","26948","여름가전 제품 관심자","752876","1.41"
"기타","27155","(임신/출산) 임산부/출산예정자_1","717875","1.35"
"기타","49738","콘솔 게임 관심자","712267","1.34"
"기타","26607","그루밍족_남성 뷰티 관심자","711455","1.33"
"기타","50233","유아동 자녀 부모 추정","706033","1.32"
"기타","50232","임산부 및 임산부 추정","700189","1.31"
"기타","50234","초등생 자녀 부모 추정","689732","1.29"
"기타","26609","고가 소비 관심자_취미","630750","1.18"
"기타","26649","1인 가구","612718","1.15"
"기타","26604","고가 소비 관심자_스포츠/레저","612414","1.15"
"기타","26937","PC/노트북 관심자","550659","1.03"
"기타","49602","이직 준비_관심자","547236","1.03"
"기타","50218","남성 의류잡화 관심자","535000","1.0"
"기타","27015","수영 관심자","524593","0.98"
"기타","27699","사무용/업소용 상품 관심자","516922","0.97"
"기타","49599","이사 준비_관심자","493027","0.92"
"기타","50217","스포츠캐주얼 브랜드 의류 관심자","491557","0.92"
"기타","26950","주방가전 제품 관심자","486483","0.91"
"기타","26663","직장인 (자녀 有)","437572","0.82"
"기타","50189","탄산음료 탄산수 관심자","428648","0.8"
"기타","49404","흡연자 및 담배 관심자","428461","0.8"
"기타","27009","침구 관심자","425278","0.8"
"기타","49742","다이어트 식품 관심자","416863","0.78"
"기타","26949","겨울가전 제품 관심자","413737","0.78"
"기타","50236","명품(브랜드) 관심자","384550","0.72"
"기타","26611","고가 소비 관심자_화장품/뷰티기기","374495","0.7"
"기타","49607","삼성페이 이용자_관심자","362908","0.68"
"기타","26959","구강건강 관심자","348930","0.65"
"기타","27334","수입차 관심자_전시장+서비스센터 방문","289016","0.54"
"기타","27613","고가 지역 거주자","250153","0.47"
"기타","31638","어린이날 (이벤트)","236294","0.44"
"기타","27335","수입차 관심자_서비스센터 방문","227663","0.43"
"기타","49586","직업별(대기업 종사자)","214318","0.4"
"기타","49398","라면 관심자","183016","0.34"
"기타","49456","노인 및 실버세대_60대 이상","165493","0.31"
"기타","50229","선크림 관심자","153606","0.29"
"기타","26946","카메라 관심자","109032","0.2"
"기타","49589","직업별_요식업계","108723","0.2"
"기타","26666","경제력을 가진 실버/시니어 (60대이상)","108647","0.2"
"기타","50219","남성 정장 관심자","108341","0.2"
"기타","50228","향수 관심자","105199","0.2"
"기타","27353","맞벌이부부","100323","0.19"
"기타","27063","탈모 관심자","92570","0.17"
"기타","26646","워킹맘","86821","0.16"
"기타","49588","직업별_IT업계","79466","0.15"
"기타","49587","직업별_공무원","77570","0.15"
"기타","26630","초등학생 (고학년)","68086","0.13"
"기타","27209","주요 백화점 방문자_only 여성","63937","0.12"
"기타","50226","명품 화장품 관심자","54550","0.1"
"기타","49591","직업별_군인","53473","0.1"
"기타","31349","어버이날 (이벤트)","52194","0.1"
"기타","31329","생일 (이벤트)","35028","0.07"
"기타","31327","추석 (이벤트)","33497","0.06"
"기타","31637","크리스마스 (이벤트)","33089","0.06"
"기타","33025","설날 (이벤트)","12629","0.02"
"기타","31350","발렌타인/화이트데이 (이벤트)","12073","0.02"
"기타","31331","할로윈 (이벤트)","10102","0.02"
"기타","31632","졸업식 (이벤트)","9321","0.02"
"기타","26615","고가 소비 관심자_출산/육아 용품","7841","0.01"
"기타","49386","아이폰 제품 이용자 및 관심자","6","0.0"
"성별","26458","남성(Low)","19494554","36.55"
"성별","26457","남성(High)","9719351","18.22"
"성별","26456","여성(Low)","8489806","15.92"
"성별","26455","여성(High)","6913394","12.96"
"연령대","10005","30대","2469668","4.63"
"연령대","10006","40대","1556277","2.92"
"연령대","10007","50대","1165765","2.19"
"연령대","10004","20대","451312","0.85"
"연령대","10008","60대","436317","0.82"
"연령대","10009","70대 이상","157012","0.29"
"연령대","10003","10대","32753","0.06"
"제품 관심사","10249","농수축산물","1044695","1.96"
"제품 관심사","10029","여성화장품","847823","1.59"
"제품 관심사","10225","여성의류","847440","1.59"
"제품 관심사","10286","스포츠의류/운동화/잡화/용품","800850","1.5"
"제품 관심사","10439","갤럭시","747059","1.4"
"제품 관심사","10386","휴대폰 개통/기변","718631","1.35"
"제품 관심사","10026","스킨케어","715074","1.34"
"제품 관심사","10268","건강식품","709636","1.33"
"제품 관심사","10259","과자/간식","645506","1.21"
"제품 관심사","10340","생필품_주방용품,주방잡화","641238","1.2"
"제품 관심사","10287","등산/아웃도어","592807","1.11"
"제품 관심사","10258","간편식/냉장/냉동","579081","1.09"
"제품 관심사","10052","에어컨/선풍기","567926","1.06"
"제품 관심사","49675","브랜드/디자이너 여성의류","566402","1.06"
"제품 관심사","10011","소형차","550080","1.03"
"제품 관심사","49676","브랜드 여성신발","541471","1.02"
"제품 관심사","10226","여성신발","541471","1.02"
"제품 관심사","49682","브랜드/디자이너 잡화(지갑/벨트/소품)","537146","1.01"
"제품 관심사","10220","남성의류","534722","1.0"
"제품 관심사","10348","생필품_수납정리용품/생활잡화","502203","0.94"
"제품 관심사","49680","브랜드 캐주얼/유니섹스","497829","0.93"
"제품 관심사","10010","자동차용품/차량용품","484330","0.91"
"제품 관심사","10034","바디케어","471071","0.88"
"제품 관심사","10332","카페/디저트/베이커리 상품권","468481","0.88"
"제품 관심사","10050","주방가전","463050","0.87"
"제품 관심사","49709","생필품_세제/방향/살충","446578","0.84"
"제품 관심사","10254","우유/두유/요구르트","428668","0.8"
"제품 관심사","10021","자동차정비","428360","0.8"
"제품 관심사","10051","생활가전/청소기","424772","0.8"
"제품 관심사","10250","커피","396875","0.74"
"제품 관심사","10284","침구/홈패브릭/커튼/카펫","384690","0.72"
"제품 관심사","10336","패스트푸드 상품권","375849","0.7"
"제품 관심사","10443","가구","368368","0.69"
"제품 관심사","10228","여성잡화(지갑/벨트/소품)","359838","0.67"
"제품 관심사","10033","헤어케어","359546","0.67"
"제품 관심사","11255","커피","347169","0.65"
"제품 관심사","10229","여성속옷","337926","0.63"
"제품 관심사","49681","브랜드 여성 속옷","337905","0.63"
"제품 관심사","10048","냉장고","327303","0.61"
"제품 관심사","49691","김치","321928","0.6"
"제품 관심사","49713","생필품_구강/세안/면도","321149","0.6"
"제품 관심사","10387","휴대폰 액세서리","315692","0.59"
"제품 관심사","49688","메이크업","314961","0.59"
"제품 관심사","49706","아동/주니어의류","312719","0.59"
"제품 관심사","10355","영유아완구/유아장난감","307446","0.58"
"제품 관심사","10046","오피스용품","307207","0.58"
"제품 관심사","10375","아동장난감","302783","0.57"
"제품 관심사","10049","세탁기/건조기","295359","0.55"
"제품 관심사","10221","남성신발","293070","0.55"
"제품 관심사","49679","브랜드 남성신발","292811","0.55"
"제품 관심사","10289","골프의류/용품","289996","0.54"
"제품 관심사","10053","제습기","285206","0.53"
"제품 관심사","49718","영상가전, 음향가전","276954","0.52"
"제품 관심사","49714","생필품_화장지","272414","0.51"
"제품 관심사","30382","쇼핑 브랜드 검색어 (디지털)","267130","0.5"
"제품 관심사","49694","전통식품","266700","0.5"
"제품 관심사","11263","간편식/냉장/냉동","264172","0.5"
"제품 관심사","10227","여성가방","262885","0.49"
"제품 관심사","11254","농수축산물","262754","0.49"
"제품 관심사","10263","치아건강","262174","0.49"
"제품 관심사","10283","인테리어 디자인 용품","250363","0.47"
"제품 관심사","10349","생필품_욕실용품","244809","0.46"
"제품 관심사","10293","수영/스쿠버다이빙(스킨스쿠버)","239146","0.45"
"제품 관심사","10338","냄비/프라이팬","237623","0.45"
"제품 관심사","10264","비타민/보조식품","236065","0.44"
"제품 관심사","49697","조미료/양념, 식용유/오일, 소금, 설탕, 시럽, 잼","235214","0.44"
"제품 관심사","49678","브랜드/디자이너 남성의류","233871","0.44"
"제품 관심사","10253","주스/과즙음료","229855","0.43"
"제품 관심사","11272","건강식품","225118","0.42"
"제품 관심사","10285","애완동물용품_전체(강아지, 고양이, 조류, 관상어 등)","222637","0.42"
"제품 관심사","10353","물티슈","222144","0.42"
"제품 관심사","10288","캠핑","221599","0.42"
"제품 관심사","10058","노트북","220671","0.41"
"제품 관심사","10251","차(tea)","219739","0.41"
"제품 관심사","11264","과자/간식","219501","0.41"
"제품 관심사","10063","컴퓨터 주변기기/PC부품","215317","0.4"
"제품 관심사","11285","스포츠의류/운동화/잡화/용품","211547","0.4"
"제품 관심사","10276","음반/CD","210904","0.4"
"제품 관심사","11246","여성의류","208715","0.39"
"제품 관심사","49746","브랜드/디자이너 여성의류","208657","0.39"
"제품 관심사","10047","TV","207547","0.39"
"제품 관심사","10337","식기/찻잔","204541","0.38"
"제품 관심사","10324","국내숙박","202484","0.38"
"제품 관심사","10061","태블릿","196568","0.37"
"제품 관심사","10255","기타음료","192042","0.36"
"제품 관심사","49784","생필품_세제/방향/살충","191772","0.36"
"제품 관심사","49685","명품 패션","190294","0.36"
"제품 관심사","49698","면류/국수","187278","0.35"
"제품 관심사","49702","유아용품(목욕/스킨케어/유아세제/위생용품)","183046","0.34"
"제품 관심사","49712","생필품_청소용품","181282","0.34"
"제품 관심사","10256","라면","174216","0.33"
"제품 관심사","10441","아이폰","173192","0.32"
"제품 관심사","10060","모니터","172776","0.32"
"제품 관심사","49693","밀키트/쿠킹박스","172307","0.32"
"제품 관심사","11213","스킨케어","167161","0.31"
"제품 관심사","10260","다이어트 식품/보조제","166995","0.31"
"제품 관심사","49690","클렌징/필링","161323","0.3"
"제품 관심사","49677","브랜드 여성가방","161243","0.3"
"제품 관심사","11294","생필품_주방용품,주방잡화","157784","0.3"
"제품 관심사","49715","생필품_생리대/성인기저귀","154590","0.29"
"제품 관심사","11259","우유/두유/요구르트","153313","0.29"
"제품 관심사","49689","선케어","153082","0.29"
"제품 관심사","10266","헬스/에어로빅","153078","0.29"
"제품 관심사","49717","이미용생활가전","151882","0.28"
"제품 관심사","49834","카페/디저트/베이커리 상품권","150852","0.28"
"제품 관심사","10025","마사지","146258","0.27"
"제품 관심사","10257","통조림","146103","0.27"
"제품 관심사","10269","건강관리용품","144773","0.27"
"제품 관심사","10440","갤럭시탭","140341","0.26"
"제품 관심사","10339","보온/보냉용품","140013","0.26"
"제품 관심사","10062","이어폰","134542","0.25"
"제품 관심사","10265","성인병예방","132362","0.25"
"제품 관심사","49692","반찬/젓갈","130179","0.24"
"제품 관심사","27985","블루투스 이어폰","127856","0.24"
"제품 관심사","10059","데스크톱","127531","0.24"
"제품 관심사","10055","안마기/안마의자","126409","0.24"
"제품 관심사","49751","브랜드 캐주얼/유니섹스","124913","0.23"
"제품 관심사","11231","생활가전/청소기","124725","0.23"
"제품 관심사","10290","자전거","122585","0.23"
"제품 관심사","10279","취미_피규어/캐릭터,모형/프라모델,무선RC, 드론","121730","0.23"
"제품 관심사","30374","쇼핑 브랜드 검색어 (커피/카페)","121370","0.23"
"제품 관심사","10376","아동의류/잡화","121000","0.23"
"제품 관심사","49707","유아동신발/잡화","120984","0.23"
"제품 관심사","10356","유아의류/잡화","120984","0.23"
"제품 관심사","49730","꽃/원예, 꽃배달","119759","0.22"
"제품 관심사","10230","시계","117647","0.22"
"제품 관심사","11219","헤어케어","113861","0.21"
"제품 관심사","49727","애완동물용품_강아지","113043","0.21"
"제품 관심사","11286","등산/아웃도어","110380","0.21"
"제품 관심사","49789","생필품_화장지","109092","0.2"
"제품 관심사","49788","생필품_구강/세안/면도","108256","0.2"
"제품 관심사","11220","바디케어","106779","0.2"
"제품 관심사","11241","남성의류","105290","0.2"
"제품 관심사","10030","향수","104693","0.2"
"제품 관심사","10057","카메라/캠코더","101804","0.19"
"제품 관심사","11299","생필품_수납정리용품/생활잡화","101576","0.19"
"제품 관심사","49733","레저입장권","101487","0.19"
"제품 관심사","11257","생수","100460","0.19"
"제품 관심사","49719","렌털 가입 상품","100336","0.19"
"제품 관심사","10301","야구","99514","0.19"
"제품 관심사","10282","DIY","99468","0.19"
"제품 관심사","11269","치아건강","98462","0.18"
"제품 관심사","50147","소형차","95618","0.18"
"제품 관심사","10277","낚시","94397","0.18"
"제품 관심사","10222","남성가방","93291","0.17"
"제품 관심사","10044","문구용품","92055","0.17"
"제품 관심사","10281","조명","90229","0.17"
"제품 관심사","50040","자동차용품/차량용품","88794","0.17"
"제품 관심사","49728","애완동물용품_고양이","87809","0.16"
"제품 관심사","49805","갤럭시","87092","0.16"
"제품 관심사","11247","여성신발","86975","0.16"
"제품 관심사","11282","침구/홈패브릭/커튼/카펫","86601","0.16"
"제품 관심사","10028","남성화장품","84746","0.16"
"제품 관심사","49758","메이크업","82668","0.15"
"제품 관심사","11300","휴대폰 액세서리","81730","0.15"
"제품 관심사","49761","김치","80901","0.15"
"제품 관심사","10224","남성속옷","79683","0.15"
"제품 관심사","49695","탄산수","79242","0.15"
"제품 관심사","49726","카메라 주변기기","78643","0.15"
"제품 관심사","10271","게임용품(프로게이머)","75824","0.14"
"제품 관심사","10024","오토바이/스쿠터","75807","0.14"
"제품 관심사","30378","쇼핑 브랜드 검색어 (생활용품)","73892","0.14"
"제품 관심사","10056","비데","73485","0.14"
"제품 관심사","10054","공기청정기","73288","0.14"
"제품 관심사","49767","조미료/양념, 식용유/오일, 소금, 설탕, 시럽, 잼","73259","0.14"
"제품 관심사","10032","미용용품/뷰티소품","71931","0.13"
"제품 관심사","49764","전통식품","71225","0.13"
"제품 관심사","11232","에어컨/선풍기","71191","0.13"
"제품 관심사","11270","비타민/보조식품","71020","0.13"
"제품 관심사","10278","바둑/장기","69334","0.13"
"제품 관심사","10321","여행가방/여행소품/여행용품","68988","0.13"
"제품 관심사","49770","물티슈","68204","0.13"
"제품 관심사","11242","남성신발","66861","0.13"
"제품 관심사","11258","주스/과즙음료","65957","0.12"
"제품 관심사","11260","라면","64756","0.12"
"제품 관심사","10275","악기","63718","0.12"
"제품 관심사","49732","보드게임/테이블게임, 마술용품, 수집용품","63179","0.12"
"제품 관심사","49810","애완동물용품_전체(강아지, 고양이, 조류, 관상어 등)","62921","0.12"
"제품 관심사","20484","이너뷰티","60902","0.11"
"제품 관심사","10037","어린이/유아교육","60429","0.11"
"제품 관심사","11273","건강관리용품","59926","0.11"
"제품 관심사","10331","영화예매권","58959","0.11"
"제품 관심사","49836","패스트푸드 상품권","57779","0.11"
"제품 관심사","10300","축구","57702","0.11"
"제품 관심사","11293","국내여행상품","57179","0.11"
"제품 관심사","50135","기저귀","56960","0.11"
"제품 관심사","11230","주방가전","56873","0.11"
"제품 관심사","10223","남성잡화(지갑/벨트/소품)","56722","0.11"
"제품 관심사","10274","파티용품","56536","0.11"
"제품 관심사","10322","국내여행상품","56112","0.11"
"제품 관심사","11281","인테리어 디자인 용품","55850","0.1"
"제품 관심사","49781","아동/주니어의류","55846","0.1"
"제품 관심사","11291","수영/스쿠버다이빙(스킨스쿠버)","55378","0.1"
"제품 관심사","49701","유아동식/영양제","54364","0.1"
"제품 관심사","11274","실버용품","53758","0.1"
"제품 관심사","49786","생필품_욕실용품","53525","0.1"
"제품 관심사","30376","쇼핑 브랜드 검색어 (뷰티)","52456","0.1"
"제품 관심사","49747","브랜드 여성신발","52083","0.1"
"제품 관심사","49723","프린터, 복합기","51715","0.1"
"제품 관심사","49684","브랜드 시계","50982","0.1"
"제품 관심사","10351","기저귀","50323","0.09"
"제품 관심사","49790","생필품_생리대/성인기저귀","50189","0.09"
"제품 관심사","11283","가구","49863","0.09"
"제품 관심사","50137","냄비/프라이팬","49529","0.09"
"제품 관심사","11256","차(tea)","48642","0.09"
"제품 관심사","49760","클렌징/필링","48281","0.09"
"제품 관심사","49768","면류/국수","47329","0.09"
"제품 관심사","10038","초/중등교육","47270","0.09"
"제품 관심사","30383","쇼핑 브랜드 검색어 (상품권/티켓)","45368","0.09"
"제품 관심사","10330","편의점상품권","44988","0.08"
"제품 관심사","11262","통조림","43194","0.08"
"제품 관심사","49749","브랜드/디자이너 남성의류","42505","0.08"
"제품 관심사","10261","요가/필라테스","42403","0.08"
"제품 관심사","11267","다이어트 식품/보조제","42389","0.08"
"제품 관심사","11218","미용용품/뷰티소품","42116","0.08"
"제품 관심사","30377","쇼핑 브랜드 검색어 (건강식품)","42006","0.08"
"제품 관심사","49750","브랜드 남성신발","41981","0.08"
"제품 관심사","49763","밀키트/쿠킹박스","41850","0.08"
"제품 관심사","49759","선케어","40675","0.08"
"제품 관심사","10045","디자인/팬시용품","40076","0.08"
"제품 관심사","10273","홈베이킹","39781","0.07"
"제품 관심사","49708","생필품_세탁용품","39691","0.07"
"제품 관심사","10442","아이패드","39570","0.07"
"제품 관심사","11297","아동장난감","39216","0.07"
"제품 관심사","11288","골프의류/용품","38699","0.07"
"제품 관심사","49787","생필품_청소용품","38691","0.07"
"제품 관심사","30372","쇼핑 브랜드 검색어 (명품)","38346","0.07"
"제품 관심사","10357","수유용품/신생아용품","37020","0.07"
"제품 관심사","49729","화방용품","35241","0.07"
"제품 관심사","10027","네일케어","34894","0.07"
"제품 관심사","10231","쥬얼리","34522","0.06"
"제품 관심사","49813","고등/대학교육","34055","0.06"
"제품 관심사","49793","영상가전, 음향가전","33697","0.06"
"제품 관심사","11284","애완동물용품_강아지","32984","0.06"
"제품 관심사","49696","전통음료","31994","0.06"
"제품 관심사","49748","브랜드 여성가방","31831","0.06"
"제품 관심사","30379","쇼핑 브랜드 검색어 (캐릭터 취미)","31684","0.06"
"제품 관심사","30380","쇼핑 브랜드 검색어 (유아,아동)","31326","0.06"
"제품 관심사","49762","반찬/젓갈","31146","0.06"
"제품 관심사","50166","휴대폰 개통/기변","30905","0.06"
"제품 관심사","30373","쇼핑 브랜드 검색어 (주방용품/가구)","30665","0.06"
"제품 관심사","10280","페인트/도료","30071","0.06"
"제품 관심사","49802","컴퓨터 주변기기/PC부품","28484","0.05"
"제품 관심사","11287","캠핑","28384","0.05"
"제품 관심사","49792","이미용생활가전","27412","0.05"
"제품 관심사","49722","계절 가전_온풍기, 전기히터, 난로","26306","0.05"
"제품 관심사","49765","탄산수","26151","0.05"
"제품 관심사","50148","식기/찻잔","26149","0.05"
"제품 관심사","49824","국내숙박","25641","0.05"
"제품 관심사","49807","아이폰","25421","0.05"
"제품 관심사","10270","실버용품","25206","0.05"
"제품 관심사","49811","애완동물용품_고양이","24984","0.05"
"제품 관심사","11229","세탁기/건조기","24808","0.05"
"제품 관심사","11228","냉장고","24612","0.05"
"제품 관심사","10022","블랙박스","24039","0.05"
"제품 관심사","11216","여성화장품","23912","0.04"
"제품 관심사","49721","계절 가전_전기매트/장판, 온수매트, 전기요","23779","0.04"
"제품 관심사","10354","출산/돌기념품,순금/돌반지","23003","0.04"
"제품 관심사","50141","보온/보냉용품","22929","0.04"
"제품 관심사","11212","마사지","22740","0.04"
"제품 관심사","11215","남성화장품","22661","0.04"
"제품 관심사","11222","초/중등교육","22326","0.04"
"제품 관심사","10294","인라인/스케이트보드","22175","0.04"
"제품 관심사","49818","꽃/원예, 꽃배달","21444","0.04"
"제품 관심사","11298","아동의류/잡화","20846","0.04"
"제품 관심사","49782","유아동신발/잡화","20805","0.04"
"제품 관심사","49720","계절 가전_가습기","20231","0.04"
"제품 관심사","30384","쇼핑 브랜드 검색어 (마트/편의점)","19756","0.04"
"제품 관심사","11244","남성잡화(지갑/벨트/소품)","19095","0.04"
"제품 관심사","50132","DIY","18759","0.04"
"제품 관심사","11236","안마기/안마의자","18568","0.03"
"제품 관심사","11239","이어폰","18378","0.03"
"제품 관심사","10039","고등/대학교육","18376","0.03"
"제품 관심사","10036","자격증/수험서","18332","0.03"
"제품 관심사","11248","여성가방","18214","0.03"
"제품 관심사","11217","향수","18000","0.03"
"제품 관심사","11237","카메라/캠코더","17826","0.03"
"제품 관심사","50159","조명","17737","0.03"
"제품 관심사","49703","유아가구/침구","17453","0.03"
"제품 관심사","11251","시계","17080","0.03"
"제품 관심사","13451","다리미","16638","0.03"
"제품 관심사","49800","태블릿","16200","0.03"
"제품 관심사","10333","패밀리레스토랑 상품권","16164","0.03"
"제품 관심사","10291","스키/스노우보드","16108","0.03"
"제품 관심사","11227","TV","15814","0.03"
"제품 관심사","49700","이유용품","15631","0.03"
"제품 관심사","10023","내비게이션","15561","0.03"
"제품 관심사","11225","디자인/팬시용품","15409","0.03"
"제품 관심사","50144","비데","15351","0.03"
"제품 관심사","10040","외국어_영어","15340","0.03"
"제품 관심사","10013","대형차","15154","0.03"
"제품 관심사","11275","게임용품(프로게이머)","15148","0.03"
"제품 관심사","11238","노트북","15113","0.03"
"제품 관심사","11233","제습기","14896","0.03"
"제품 관심사","49840","야구","14704","0.03"
"제품 관심사","11249","여성잡화(지갑/벨트/소품)","14666","0.03"
"제품 관심사","10352","분유","14580","0.03"
"제품 관심사","49799","모니터","14215","0.03"
"제품 관심사","30375","쇼핑 브랜드 검색어 (패밀리레스트랑)","14077","0.03"
"제품 관심사","11279","낚시","13698","0.03"
"제품 관심사","20630","이너뷰티","13600","0.03"
"제품 관심사","50008","임부복/소품","13538","0.03"
"제품 관심사","49753","브랜드/디자이너 잡화(지갑/벨트/소품)","13491","0.03"
"제품 관심사","11265","기타음료","13399","0.03"
"제품 관심사","11289","자전거","13348","0.03"
"제품 관심사","11224","문구용품","13321","0.02"
"제품 관심사","50143","블루투스 이어폰","12653","0.02"
"제품 관심사","10299","농구","12507","0.02"
"제품 관심사","10031","얼굴관리","12024","0.02"
"제품 관심사","49839","축구","11036","0.02"
"제품 관심사","11296","유아용품(목욕/스킨케어/유아세제/위생용품)","11000","0.02"
"제품 관심사","10350","재활용/분리수거","10646","0.02"
"제품 관심사","11280","취미_피규어/캐릭터,모형/프라모델,무선RC, 드론","10243","0.02"
"제품 관심사","49821","여행가방/여행소품/여행용품","10210","0.02"
"제품 관심사","11243","남성가방","10030","0.02"
"제품 관심사","49806","갤럭시탭","9836","0.02"
"제품 관심사","10295","검도/권투/격투기","9351","0.02"
"제품 관심사","49775","유아동식/영양제","9301","0.02"
"제품 관심사","49779","유아의류/잡화","9200","0.02"
"제품 관심사","10262","자세교정","9085","0.02"
"제품 관심사","49705","신생아의류","8840","0.02"
"제품 관심사","11271","헬스/에어로빅","8772","0.02"
"제품 관심사","49804","카메라 주변기기","8770","0.02"
"제품 관심사","10012","중형차","8728","0.02"
"제품 관심사","49829","레저입장권","8491","0.02"
"제품 관심사","10267","금연","8487","0.02"
"제품 관심사","11253","명품 패션","8467","0.02"
"제품 관심사","11277","홈베이킹","8156","0.02"
"제품 관심사","49783","생필품_세탁용품","8030","0.02"
"제품 관심사","49832","편의점상품권","7595","0.01"
"제품 관심사","11278","악기","7492","0.01"
"제품 관심사","49766","전통음료","7468","0.01"
"제품 관심사","49801","프린터, 복합기","7442","0.01"
"제품 관심사","49820","보드게임/테이블게임, 마술용품, 수집용품","7351","0.01"
"제품 관심사","50146","성인병예방","6904","0.01"
"제품 관심사","11211","오토바이/스쿠터","6793","0.01"
"제품 관심사","10297","보트/요트","6742","0.01"
"제품 관심사","11268","요가/필라테스","6738","0.01"
"제품 관심사","10335","전시/공연/티켓/굿즈","6274","0.01"
"제품 관심사","10323","항공권","6177","0.01"
"제품 관심사","50165","페인트/도료","5949","0.01"
"제품 관심사","50153","자격증/수험서","5829","0.01"
"제품 관심사","11214","네일케어","5519","0.01"
"제품 관심사","10298","볼링","5259","0.01"
"제품 관심사","11234","공기청정기","5023","0.01"
"제품 관심사","11223","외국어_영어","4768","0.01"
"제품 관심사","49812","화방용품","4758","0.01"
"제품 관심사","11252","쥬얼리","4583","0.01"
"제품 관심사","49755","브랜드 시계","4269","0.01"
"제품 관심사","50164","파티용품","3954","0.01"
"제품 관심사","49774","수유용품/신생아용품","3415","0.01"
"제품 관심사","11221","어린이/유아교육","3145","0.01"
"제품 관심사","50180","얼굴관리","3142","0.01"
"제품 관심사","50138","다리미","3092","0.01"
"제품 관심사","50142","블랙박스","3073","0.01"
"제품 관심사","49796","계절 가전_전기매트/장판, 온수매트, 전기요","2661","0.0"
"제품 관심사","10272","사진","2434","0.0"
"제품 관심사","10329","백화점상품권","2409","0.0"
"제품 관심사","49769","분유","2403","0.0"
"제품 관심사","49794","렌털 가입 상품","2302","0.0"
"제품 관심사","49797","계절 가전_온풍기, 전기히터, 난로","1994","0.0"
"제품 관심사","49734","패스/현지투어","1972","0.0"
"제품 관심사","10370","산양분유","1951","0.0"
"제품 관심사","11292","인라인/스케이트보드","1946","0.0"
"제품 관심사","49833","영화예매권","1927","0.0"
"제품 관심사","50152","음반/CD","1802","0.0"
"제품 관심사","50136","내비게이션","1772","0.0"
"제품 관심사","11295","출산/돌기념품,순금/돌반지","1716","0.0"
"제품 관심사","49795","계절 가전_가습기","1706","0.0"
"제품 관심사","49773","이유용품","1682","0.0"
"제품 관심사","49808","아이패드","1679","0.0"
"제품 관심사","49835","패밀리레스토랑 상품권","1550","0.0"
"제품 관심사","50156","재활용/분리수거","1483","0.0"
"제품 관심사","49780","신생아의류","1477","0.0"
"제품 관심사","49817","기타 외국어","1379","0.0"
"제품 관심사","49777","유아가구/침구","1373","0.0"
"제품 관심사","11226","오피스용품","1297","0.0"
"제품 관심사","11250","여성속옷","1212","0.0"
"제품 관심사","49752","브랜드 여성 속옷","1212","0.0"
"제품 관심사","49841","검도/권투/격투기","1184","0.0"
"제품 관심사","49756","임부복/소품","1178","0.0"
"제품 관심사","11245","남성속옷","1148","0.0"
"제품 관심사","49838","농구","1103","0.0"
"제품 관심사","49842","보트/요트","1076","0.0"
"제품 관심사","49735","전시/공연/티켓/굿즈","1066","0.0"
"제품 관심사","10328","렌터카","1034","0.0"
"제품 관심사","10042","외국어_일본어","969","0.0"
"제품 관심사","11290","스키/스노우보드","937","0.0"
"제품 관심사","49754","브랜드 쥬얼리","836","0.0"
"제품 관심사","50151","영유아완구/유아장난감","741","0.0"
"제품 관심사","49843","볼링","647","0.0"
"제품 관심사","50155","자세교정","604","0.0"
"제품 관심사","10327","해외여행/크루즈/해외골프","561","0.0"
"제품 관심사","50154","자동차정비","559","0.0"
"제품 관심사","10041","외국어_중국어","395","0.0"
"제품 관심사","49816","외국어_일본어","356","0.0"
"제품 관심사","49823","항공권","338","0.0"
"제품 관심사","10325","신혼여행","329","0.0"
"제품 관심사","50145","산양분유","320","0.0"
"제품 관심사","11276","사진","278","0.0"
"제품 관심사","49828","렌터카","213","0.0"
"제품 관심사","10252","생수","165","0.0"
"제품 관심사","10035","창업 정보","163","0.0"
"제품 관심사","10043","기타 외국어","159","0.0"
"제품 관심사","50140","바둑/장기","153","0.0"
"제품 관심사","49815","외국어_중국어","139","0.0"
"제품 관심사","49827","해외여행/크루즈/해외골프","136","0.0"
"제품 관심사","50134","금연","91","0.0"
"제품 관심사","49830","패스/현지투어","71","0.0"
"제품 관심사","50162","창업 정보","51","0.0"
"제품 관심사","49831","백화점상품권","42","0.0"
"제품 관심사","49825","신혼여행","37","0.0"
"제품 관심사","49683","브랜드 쥬얼리","28","0.0"
"제품 관심사","49826","해외호텔","13","0.0"
"제품 관심사","10326","해외호텔","12","0.0"
"제품 관심사","10014","SUV","6","0.0"
"제품 관심사","50160","중형차","2","0.0"
"제품 관심사","50139","대형차","1","0.0"
"콘텐츠 관심사","26282","페이먼트/송금 앱","6907456","12.95"
"콘텐츠 관심사","26284","카드 관련 앱","6622700","12.42"
"콘텐츠 관심사","26310","음악/오디오 관련 앱","6560113","12.3"
"콘텐츠 관심사","26355","지도/대중교통 관련 앱","6405054","12.01"
"콘텐츠 관심사","26325","헬스케어 앱","6294202","11.8"
"콘텐츠 관심사","26392","쇼핑/오픈마켓 앱","6252416","11.72"
"콘텐츠 관심사","26285","은행 관련 앱","5831591","10.93"
"콘텐츠 관심사","19661","생산성 관련 앱","5678642","10.65"
"콘텐츠 관심사","37683","IPTV","5065696","9.5"
"콘텐츠 관심사","49372","연예/오락","4918367","9.22"
"콘텐츠 관심사","49373","드라마","4792129","8.98"
"콘텐츠 관심사","49374","교양/정보","4789106","8.98"
"콘텐츠 관심사","49375","뉴스","4722908","8.85"
"콘텐츠 관심사","26299","영화 앱","4716739","8.84"
"콘텐츠 관심사","49399","다큐","4575546","8.58"
"콘텐츠 관심사","49376","시사/다큐","4572079","8.57"
"콘텐츠 관심사","26368","배달 앱","4485783","8.41"
"콘텐츠 관심사","26410","자동차 내비게이션 앱","4419750","8.29"
"콘텐츠 관심사","49382","스포츠","4322968","8.1"
"콘텐츠 관심사","49379","홈쇼핑","4230187","7.93"
"콘텐츠 관심사","26369","F&B 관련 앱","4146838","7.77"
"콘텐츠 관심사","26286","보험 관련 앱","4057771","7.61"
"콘텐츠 관심사","49381","영화","4039589","7.57"
"콘텐츠 관심사","49383","음악","4001297","7.5"
"콘텐츠 관심사","50343","패션","3587838","6.73"
"콘텐츠 관심사","26419","외국어_영어 관련 앱","3547201","6.65"
"콘텐츠 관심사","26418","외국어_중국어 관련 앱","3489115","6.54"
"콘텐츠 관심사","49390","취미/레저","3469235","6.5"
"콘텐츠 관심사","26416","외국어_일본어 관련 앱","3405305","6.38"
"콘텐츠 관심사","26280","재무관리 앱","3277919","6.15"
"콘텐츠 관심사","49391","교육","3084269","5.78"
"콘텐츠 관심사","49384","만화","3013956","5.65"
"콘텐츠 관심사","26367","커피/차/아이스크림/디저트 관련 앱","2940165","5.51"
"콘텐츠 관심사","26292","숙박 관련 앱","2924381","5.48"
"콘텐츠 관심사","26356","중고거래 관련 앱","2837475","5.32"
"콘텐츠 관심사","26423","키즈맘 관련 앱","2763776","5.18"
"콘텐츠 관심사","26309","만화/웹툰 관련 앱","2726195","5.11"
"콘텐츠 관심사","26393","마트 앱","2626250","4.92"
"콘텐츠 관심사","26399","해외직구 관련 앱","2624204","4.92"
"콘텐츠 관심사","26400","홈쇼핑 앱","2411598","4.52"
"콘텐츠 관심사","49402","클립뉴스","2407552","4.51"
"콘텐츠 관심사","26766","서점/도서/e-book","2352249","4.41"
"콘텐츠 관심사","26322","부동산 앱","2067983","3.88"
"콘텐츠 관심사","50344","골프","1973647","3.7"
"콘텐츠 관심사","26425","반려동물 관련 앱","1961438","3.68"
"콘텐츠 관심사","26281","펀딩/투자 관련 앱","1936499","3.63"
"콘텐츠 관심사","26314","영화관 앱","1849895","3.47"
"콘텐츠 관심사","26395","신세계백화점 관련 앱","1846280","3.46"
"콘텐츠 관심사","26397","편의점 관련 앱","1778795","3.33"
"콘텐츠 관심사","26373","패션 관련 앱","1701538","3.19"
"콘텐츠 관심사","26380","구인구직 관련 앱","1644113","3.08"
"콘텐츠 관심사","26374","화장품 관련 앱","1593781","2.99"
"콘텐츠 관심사","26389","취업준비생 전용 앱","1588592","2.98"
"콘텐츠 관심사","26287","주식 투자 관련 앱","1554516","2.91"
"콘텐츠 관심사","26403","자동차 매매 관련 앱","1532062","2.87"
"콘텐츠 관심사","26405","자동차보험 앱","1520769","2.85"
"콘텐츠 관심사","26357","홈인테리어 관련 앱","1480813","2.78"
"콘텐츠 관심사","50346","증권","1388248","2.6"
"콘텐츠 관심사","26420","중/고등학생 관련 앱","1299386","2.44"
"콘텐츠 관심사","26293","항공 관련 앱","1265243","2.37"
"콘텐츠 관심사","26394","롯데백화점 관련 앱","1259288","2.36"
"콘텐츠 관심사","26343","게임 커뮤니케이션","1187791","2.23"
"콘텐츠 관심사","26366","외식/맛집 관련 앱","1088194","2.04"
"콘텐츠 관심사","26404","렌터카 관련 앱","1028973","1.93"
"콘텐츠 관심사","22336","경제일반","1026262","1.92"
"콘텐츠 관심사","26342","임신/출산/육아 관련 앱","1021096","1.91"
"콘텐츠 관심사","26390","직장인 전용 앱","1012518","1.9"
"콘텐츠 관심사","26406","외제차 관련 앱","1010179","1.89"
"콘텐츠 관심사","26350","게임_보드/카드 관련 앱","984365","1.85"
"콘텐츠 관심사","26363","데이트 정보 관련 앱","966331","1.81"
"콘텐츠 관심사","22344","축구","959392","1.8"
"콘텐츠 관심사","37703","편의점","955908","1.79"
"콘텐츠 관심사","26354","게임_아케이드 관련 앱","923774","1.73"
"콘텐츠 관심사","26396","현대백화점 관련 앱","858846","1.61"
"콘텐츠 관심사","30367","게임_어드벤쳐 관련 앱","853225","1.6"
"콘텐츠 관심사","26351","게임_RPG 관련 앱","838978","1.57"
"콘텐츠 관심사","30368","게임_퍼즐/퀴즈 관련 앱","779547","1.46"
"콘텐츠 관심사","26324","다이어트 앱","778917","1.46"
"콘텐츠 관심사","26295","제주도 여행 관련 앱","767131","1.44"
"콘텐츠 관심사","37702","피자/햄버거","762339","1.43"
"콘텐츠 관심사","26289","골프 관련 앱","743206","1.39"
"콘텐츠 관심사","26313","컬쳐 앱","743069","1.39"
"콘텐츠 관심사","49393","예능","739634","1.39"
"콘텐츠 관심사","26372","성형/시술 관련 앱","730082","1.37"
"콘텐츠 관심사","22338","금융증권","728498","1.37"
"콘텐츠 관심사","26353","게임_카지노/도박 관련 앱","723974","1.36"
"콘텐츠 관심사","26347","게임_액션 관련 앱","706609","1.32"
"콘텐츠 관심사","37689","베이커리","695345","1.3"
"콘텐츠 관심사","22342","야구","694955","1.3"
"콘텐츠 관심사","22339","부동산","642952","1.21"
"콘텐츠 관심사","22345","종합 스포츠","637926","1.2"
"콘텐츠 관심사","26308","놀이동산/워터파크 관련 앱","623137","1.17"
"콘텐츠 관심사","26408","자동차 주유/충전 관련 앱","616601","1.16"
"콘텐츠 관심사","26288","자전거 관련 앱","598795","1.12"
"콘텐츠 관심사","49406","클립스포츠","573608","1.08"
"콘텐츠 관심사","26359","종합 뉴스 관련 앱","532953","1.0"
"콘텐츠 관심사","49397","키즈","525179","0.98"
"콘텐츠 관심사","26311","레저/아웃도어 관련 앱","503288","0.94"
"콘텐츠 관심사","26349","게임_캐주얼 관련 앱","493715","0.93"
"콘텐츠 관심사","22337","국제경제","490032","0.92"
"콘텐츠 관심사","26344","E-SPORTS 중계 앱","487515","0.91"
"콘텐츠 관심사","22341","교육","458132","0.86"
"콘텐츠 관심사","26407","차량 관리 앱","448475","0.84"
"콘텐츠 관심사","26375","뷰티 관련 앱","429516","0.81"
"콘텐츠 관심사","26323","런닝/마라톤 관련 앱","400389","0.75"
"콘텐츠 관심사","49396","애니메이션","395572","0.74"
"콘텐츠 관심사","26413","시험/자격증 관련 앱","371176","0.7"
"콘텐츠 관심사","26370","네일/헤어/에스테틱 관련 앱","351617","0.66"
"콘텐츠 관심사","26294","면세점 앱","350788","0.66"
"콘텐츠 관심사","26421","초등학생 학부모 앱","349850","0.66"
"콘텐츠 관심사","26365","요리 앱","336853","0.63"
"콘텐츠 관심사","26384","대기업 임직원 전용 앱","336722","0.63"
"콘텐츠 관심사","26424","대학생 전용 앱","334611","0.63"
"콘텐츠 관심사","26312","프로 야구 경기 관련 앱","330540","0.62"
"콘텐츠 관심사","26348","게임_스포츠 관련 앱","317222","0.59"
"콘텐츠 관심사","22346","영화","302734","0.57"
"콘텐츠 관심사","37699","카페-일반","278572","0.52"
"콘텐츠 관심사","37700","테마파크","273663","0.51"
"콘텐츠 관심사","26326","당뇨 관련 앱","268943","0.5"
"콘텐츠 관심사","26346","게임_전략 관련 앱","262672","0.49"
"콘텐츠 관심사","26345","게임_시뮬레이션 관련 앱","257434","0.48"
"콘텐츠 관심사","22343","농구 / 배구","253297","0.47"
"콘텐츠 관심사","26290","라운지 관련 앱","246528","0.46"
"콘텐츠 관심사","49395","시사교양","243361","0.46"
"콘텐츠 관심사","26362","소개팅/커플매칭 관련 앱","234652","0.44"
"콘텐츠 관심사","26352","게임_레이싱 관련 앱","233576","0.44"
"콘텐츠 관심사","26360","데이트/소개팅/매칭 관련 앱","233176","0.44"
"콘텐츠 관심사","26386","점주_매장/인력 관리 앱","232165","0.44"
"콘텐츠 관심사","22347","10대","222631","0.42"
"콘텐츠 관심사","26382","창업/스타트업 관련 앱","199512","0.37"
"콘텐츠 관심사","22340","창업/취업","169652","0.32"
"콘텐츠 관심사","26306","낚시 관련 앱","158265","0.3"
"콘텐츠 관심사","26291","공항 관련 앱","154150","0.29"
"콘텐츠 관심사","26401","핸드폰","151157","0.28"
"콘텐츠 관심사","37691","아이스크림전문점","143656","0.27"
"콘텐츠 관심사","26426","국제전화 앱","142425","0.27"
"콘텐츠 관심사","26422","토익 앱","141426","0.27"
"콘텐츠 관심사","37701","패밀리레스토랑","137986","0.26"
"콘텐츠 관심사","37687","마트","136152","0.26"
"콘텐츠 관심사","37695","온라인쇼핑","126586","0.24"
"콘텐츠 관심사","37686","렌터카","126452","0.24"
"콘텐츠 관심사","22371","회사생활","105888","0.2"
"콘텐츠 관심사","22359","연애","105196","0.2"
"콘텐츠 관심사","26385","점주_프랜차이즈 앱","102976","0.19"
"콘텐츠 관심사","22348","20대","95250","0.18"
"콘텐츠 관심사","37694","영화관","94672","0.18"
"콘텐츠 관심사","22355","부부","91390","0.17"
"콘텐츠 관심사","26398","갤러리아백화점 관련 앱","90148","0.17"
"콘텐츠 관심사","26358","이벤트 관련 앱","80966","0.15"
"콘텐츠 관심사","26381","택시기사 관련 앱","78773","0.15"
"콘텐츠 관심사","26383","교직원 앱","64740","0.12"
"콘텐츠 관심사","22349","30대","60828","0.11"
"콘텐츠 관심사","26388","점주_배달 관련 앱","50696","0.1"
"콘텐츠 관심사","37705","휴대폰보험","48913","0.09"
"콘텐츠 관심사","22365","여성 커뮤니티","46788","0.09"
"콘텐츠 관심사","22360","이별","42604","0.08"
"콘텐츠 관심사","26361","결혼 관련 앱","41113","0.08"
"콘텐츠 관심사","22367","요리","36259","0.07"
"콘텐츠 관심사","22369","임신/출산/육아","35571","0.07"
"콘텐츠 관심사","49400","성인","25632","0.05"
"콘텐츠 관심사","37698","카페-건강음료","25266","0.05"
"콘텐츠 관심사","22335","게임","25226","0.05"
"콘텐츠 관심사","22350","40대","24346","0.05"
"콘텐츠 관심사","22352","뷰티&스타일","20476","0.04"
"콘텐츠 관심사","22351","50대","18695","0.04"
"콘텐츠 관심사","37697","음악스트리밍","17679","0.03"
"콘텐츠 관심사","37690","숙박예약","16688","0.03"
"콘텐츠 관심사","22357","맞벌이 부부","16635","0.03"
"콘텐츠 관심사","37685","렌탈서비스","13757","0.03"
"콘텐츠 관심사","22373","다이어트","12468","0.02"
"콘텐츠 관심사","37696","외국어교육","12455","0.02"
"콘텐츠 관심사","22362","알바","10344","0.02"
"콘텐츠 관심사","22356","애완동물","9838","0.02"
"콘텐츠 관심사","49394","클립일반","6430","0.01"
"콘텐츠 관심사","22366","여행","3722","0.01"
"콘텐츠 관심사","22374","남성","3708","0.01"
"콘텐츠 관심사","22358","취업","2995","0.01"
"콘텐츠 관심사","22364","야구","880","0.0"
"콘텐츠 관심사","22353","군인&연인","578","0.0"
"콘텐츠 관심사","22361","싱글","252","0.0"
"콘텐츠 관심사","37704","호텔","25","0.0"
"콘텐츠 관심사","22372","군대일기","24","0.0"
"콘텐츠 관심사","22368","웹툰","17","0.0"
"콘텐츠 관심사","22370","직장여성","1","0.0"
